USE FinalProject
GO

-- Insert into emergency_contact
INSERT INTO emergency_contact (contact_id, [name], phone_number) VALUES
(1, 'Alice Johnson', '555-0100'),
(2, 'Bob Smith', '555-0101'),
(3, 'Charlie Brown', '555-0102'),
(4, 'David Wilson', '555-0103'),
(5, 'Eva Adams', '555-0104'),
(6, 'Frank White', '555-0105'),
(7, 'Grace Green', '555-0106'),
(8, 'Hannah Black', '555-0107'),
(9, 'Ian Thompson', '555-0108'),
(10, 'Julia King', '555-0109'),
(11, 'Kyle Lee', '555-0110'),
(12, 'Lily Clark', '555-0111'),
(13, 'Mia Hall', '555-0112'),
(14, 'Noah Lewis', '555-0113'),
(15, 'Olivia Young', '555-0114'),
(16, 'Paul Walker', '555-0115'),
(17, 'Quinn Harris', '555-0116'),
(18, 'Rita Adams', '555-0117'),
(19, 'Sam Martinez', '555-0118'),
(20, 'Tina Moore', '555-0119'),
(21, 'Uma Scott', '555-0120'),
(22, 'Victor Robinson', '555-0121'),
(23, 'Wendy Green', '555-0122'),
(24, 'Xander Lee', '555-0123'),
(25, 'Yara Lopez', '555-0124'),
(26, 'Zoe Allen', '555-0125'),
(27, 'Alice Wilson', '555-0126'),
(28, 'Bob Adams', '555-0127'),
(29, 'Charlie Young', '555-0128'),
(30, 'David King', '555-0129');

-- Insert into person
INSERT INTO person (person_id, encrypted_password, [name], email, contact_id) VALUES
(1, 'password1', 'Alice Johnson', 'alice.johnson@example.com', 1),
(2, 'password2', 'Bob Smith', 'bob.smith@example.com', 2),
(3, 'password3', 'Charlie Brown', 'charlie.brown@example.com', 3),
(4, 'password4', 'David Wilson', 'david.wilson@example.com', 4),
(5, 'password5', 'Eva Adams', 'eva.adams@example.com', 5),
(6, 'password6', 'Frank White', 'frank.white@example.com', 6),
(7, 'password7', 'Grace Green', 'grace.green@example.com', 7),
(8, 'password8', 'Hannah Black', 'hannah.black@example.com', 8),
(9, 'password9', 'Ian Thompson', 'ian.thompson@example.com', 9),
(10, 'password10', 'Julia King', 'julia.king@example.com', 10),
(11, 'password11', 'Kyle Lee', 'kyle.lee@example.com', 11),
(12, 'password12', 'Lily Clark', 'lily.clark@example.com', 12),
(13, 'password13', 'Mia Hall', 'mia.hall@example.com', 13),
(14, 'password14', 'Noah Lewis', 'noah.lewis@example.com', 14),
(15, 'password15', 'Olivia Young', 'olivia.young@example.com', 15),
(16, 'password16', 'Paul Walker', 'paul.walker@example.com', 16),
(17, 'password17', 'Quinn Harris', 'quinn.harris@example.com', 17),
(18, 'password18', 'Rita Adams', 'rita.adams@example.com', 18),
(19, 'password19', 'Sam Martinez', 'sam.martinez@example.com', 19),
(20, 'password20', 'Tina Moore', 'tina.moore@example.com', 20),
(21, 'password21', 'Uma Scott', 'uma.scott@example.com', 21),
(22, 'password22', 'Victor Robinson', 'victor.robinson@example.com', 22),
(23, 'password23', 'Wendy Green', 'wendy.green@example.com', 23),
(24, 'password24', 'Xander Lee', 'xander.lee@example.com', 24),
(25, 'password25', 'Yara Lopez', 'yara.lopez@example.com', 25),
(26, 'password26', 'Zoe Allen', 'zoe.allen@example.com', 26),
(27, 'password27', 'Alice Wilson', 'alice.wilson@example.com', 27),
(28, 'password28', 'Bob Adams', 'bob.adams@example.com', 28),
(29, 'password29', 'Charlie Young', 'charlie.young@example.com', 29),
(30, 'password30', 'David King', 'david.king@example.com', 30);

-- Insert into organization
INSERT INTO organization (org_id, [name], [description], email, website, person_id) VALUES
(1, 'Helping Hands', 'A nonprofit organization that helps the needy.', 'helpinghands@example.com', 'www.helpinghands.org', 1),
(2, 'Green Earth', 'An environmental organization dedicated to conservation.', 'greenearth@example.com', 'www.greenearth.org', 2),
(3, 'Food for All', 'Provides meals to the homeless.', 'foodforall@example.com', 'www.foodforall.org', 3),
(4, 'Pet Rescue', 'Rescues abandoned pets and finds them homes.', 'petrescue@example.com', 'www.petrescue.org', 4),
(5, 'Youth Empowerment', 'Empowering youth through education.', 'youthempowerment@example.com', 'www.youthempowerment.org', 5),
(6, 'Health Initiative', 'Promoting health and wellness in the community.', 'healthinitiative@example.com', 'www.healthinitiative.org', 6),
(7, 'Arts for All', 'Providing art programs to underprivileged children.', 'artsforall@example.com', 'www.artsforall.org', 7),
(8, 'Clean Water Project', 'Ensuring access to clean water for all.', 'cleanwater@example.com', 'www.cleanwater.org', 8),
(9, 'Sports Outreach', 'Encouraging youth participation in sports.', 'sportsoutreach@example.com', 'www.sportsoutreach.org', 9),
(10, 'Global Charity', 'Helping those in need around the world.', 'globalcharity@example.com', 'www.globalcharity.org', 10),
(11, 'Disaster Relief', 'Providing aid in times of disaster.', 'disasterrelief@example.com', 'www.disasterrelief.org', 11),
(12, 'Community Gardening', 'Creating gardens in urban areas.', 'communitygardening@example.com', 'www.communitygardening.org', 12),
(13, 'Mental Health Awareness', 'Raising awareness about mental health.', 'mentalhealth@example.com', 'www.mentalhealth.org', 13),
(14, 'Literacy Program', 'Helping adults learn to read and write.', 'literacyprogram@example.com', 'www.literacyprogram.org', 14),
(15, 'Animal Welfare', 'Advocating for animal rights.', 'animalwelfare@example.com', 'www.animalwelfare.org', 15),
(16, 'Housing First', 'Providing housing solutions for the homeless.', 'housingfirst@example.com', 'www.housingfirst.org', 16),
(17, 'Elder Care', 'Supporting the elderly in our community.', 'eldercare@example.com', 'www.eldercare.org', 17),
(18, 'Public Health', 'Improving public health initiatives.', 'publichealth@example.com', 'www.publichealth.org', 18),
(19, 'Womens Rights', 'Advocating for women’s rights and empowerment.', 'womensrights@example.com', 'www.womensrights.org', 19),
(20, 'Childrens Hospital', 'Providing care for sick children.', 'childrenshospital@example.com', 'www.childrenshospital.org', 20),
(21, 'Refugee Support', 'Helping refugees settle and integrate.', 'refugeesupport@example.com', 'www.refugeesupport.org', 21),
(22, 'Community Center', 'A hub for community activities and services.', 'communitycenter@example.com', 'www.communitycenter.org', 22),
(23, 'Cultural Heritage', 'Preserving cultural heritage and traditions.', 'culturalheritage@example.com', 'www.culturalheritage.org', 23),
(24, 'Job Training', 'Providing job training for the unemployed.', 'jobtraining@example.com', 'www.jobtraining.org', 24),
(25, 'Environmental Protection', 'Fighting for environmental justice.', 'environmentalprotection@example.com', 'www.environmentalprotection.org', 25),
(26, 'Disability Rights', 'Advocating for the rights of people with disabilities.', 'disabilityrights@example.com', 'www.disabilityrights.org', 26),
(27, 'Public Transportation', 'Improving public transportation systems.', 'publictransportation@example.com', 'www.publictransportation.org', 27),
(28, 'Food Security', 'Working towards food security for all.', 'foodsecurity@example.com', 'www.foodsecurity.org', 28),
(29, 'Arts Education', 'Promoting arts education in schools.', 'artseducation@example.com', 'www.artseducation.org', 29),
(30, 'Veteran Support', 'Providing support for veterans.', 'veteransupport@example.com', 'www.veteransupport.org', 30);

-- Insert into event
INSERT INTO event (event_id, capacity, title, [description], start_time, end_time, [location], org_id) VALUES
(1, 100, 'Community Clean-Up', 'Join us to clean up the neighborhood.', '2024-05-01 09:00:00', '2024-05-01 12:00:00', 'City Park', 1),
(2, 50, 'Food Drive', 'Help us collect food for those in need.', '2024-06-01 10:00:00', '2024-06-01 15:00:00', 'Community Center', 3),
(3, 30, 'Art Workshop', 'Learn painting and drawing techniques.', '2024-07-01 13:00:00', '2024-07-01 16:00:00', 'Arts Hall', 7),
(4, 200, 'Charity Run', 'Run for a cause and raise funds.', '2024-08-01 08:00:00', '2024-08-01 10:00:00', 'City Stadium', 10),
(5, 150, 'Music Festival', 'Enjoy a day of music and fun.', '2024-09-01 12:00:00', '2024-09-01 20:00:00', 'Downtown', 5),
(6, 40, 'Plant a Tree Day', 'Help us plant trees in the park.', '2024-10-01 09:00:00', '2024-10-01 14:00:00', 'City Park', 2),
(7, 25, 'Book Reading', 'Listen to authors read from their latest books.', '2024-11-01 16:00:00', '2024-11-01 18:00:00', 'Library', 19),
(8, 75, 'Volunteer Training', 'Training session for new volunteers.', '2024-12-01 10:00:00', '2024-12-01 12:00:00', 'Community Center', 21),
(9, 100, 'Health Fair', 'Get health screenings and information.', '2024-01-01 09:00:00', '2024-01-01 17:00:00', 'Town Hall', 6),
(10, 60, 'Food Tasting', 'Sample local cuisines and dishes.', '2024-02-01 11:00:00', '2024-02-01 14:00:00', 'Local Restaurant', 28),
(11, 80, 'Film Screening', 'Watch and discuss important documentaries.', '2024-03-01 19:00:00', '2024-03-01 22:00:00', 'Community Theater', 18),
(12, 50, 'Winter Clothing Drive', 'Collect winter clothing for the homeless.', '2024-04-01 09:00:00', '2024-04-01 15:00:00', 'City Park', 4),
(13, 200, 'Fitness Challenge', 'Participate in a month-long fitness challenge.', '2024-05-15 08:00:00', '2024-05-15 18:00:00', 'City Gym', 12),
(14, 100, 'Pet Adoption Day', 'Adopt a pet and give them a loving home.', '2024-06-15 10:00:00', '2024-06-15 16:00:00', 'Animal Shelter', 16),
(15, 300, 'Community Fair', 'A fair with fun activities for all ages.', '2024-07-15 10:00:00', '2024-07-15 22:00:00', 'City Park', 15),
(16, 60, 'Yoga in the Park', 'Relax and unwind with outdoor yoga.', '2024-08-15 08:00:00', '2024-08-15 09:30', 'City Park', 9),
(17, 40, 'Cooking Class', 'Learn how to cook healthy meals.', '2024-09-15 14:00:00', '2024-09-15 17:00:00', 'Community Kitchen', 20),
(18, 150, 'Talent Show', 'Show off your talents and have fun.', '2024-10-15 18:00:00', '2024-10-15 21:00:00', 'Community Center', 17),
(19, 100, 'Nature Walk', 'Explore nature and learn about local wildlife.', '2024-11-15 10:00:00', '2024-11-15 12:00:00', 'Nature Reserve', 14),
(20, 50, 'Tech Workshop', 'Learn about new technologies and coding.', '2024-12-15 13:00:00', '2024-12-15 16:00:00', 'Tech Hub', 22),
(21, 200, 'Holiday Celebration', 'Celebrate the holidays with us.', '2024-01-10 17:00:00', '2024-01-10 22:00:00', 'Town Hall', 11),
(22, 60, 'Mental Health Day', 'Focus on mental health and wellness.', '2024-02-10 09:00:00', '2024-02-10 12:00:00', 'Community Center', 23),
(23, 150, 'Cultural Festival', 'Celebrate diverse cultures in our community.', '2024-03-10 11:00:00', '2024-03-10 18:00:00', 'Downtown', 24),
(24, 30, 'Photography Exhibition', 'Exhibit of local photographers.', '2024-04-10 16:00:00', '2024-04-10 19:00:00', 'Art Gallery', 26),
(25, 40, 'Game Night', 'Join us for a night of board games and fun.', '2024-05-10 18:00:00', '2024-05-10 21:00:00', 'Community Center', 25),
(26, 80, 'Dance Class', 'Learn some new dance moves.', '2024-06-10 10:00:00', '2024-06-10 12:00:00', 'Dance Studio', 27),
(27, 100, 'Garden Workshop', 'Learn about gardening techniques.', '2024-07-10 09:00:00', '2024-07-10 12:00:00', 'Community Garden', 29),
(28, 120, 'Open Mic Night', 'Showcase your talent on stage.', '2024-08-10 19:00:00', '2024-08-10 22:00:00', 'Local Cafe', 30),
(29, 70, 'Science Fair', 'Showcasing science projects from local schools.', '2024-09-10 11:00:00', '2024-09-10 14:00:00', 'School Gym', 19),
(30, 200, 'Volunteer Appreciation Night', 'Celebrating our volunteers.', '2024-10-10 18:00:00', '2024-10-10 21:00:00', 'Town Hall', 12);

-- Insert into belongs_to
INSERT INTO belongs_to (person_id, org_id, role) VALUES
(1, 1, 'admin'),
(2, 1, 'volunteer'),
(3, 1, 'volunteer'),
(4, 1, 'volunteer'),
(5, 2, 'admin'),
(6, 2, 'volunteer'),
(7, 2, 'volunteer'),
(8, 2, 'volunteer'),
(1, 3, 'admin'),
(9, 3, 'volunteer'),
(10, 3, 'volunteer'),
(11, 3, 'volunteer'),
(5, 4, 'admin'),
(12, 4, 'volunteer'),
(13, 4, 'volunteer'),
(14, 4, 'volunteer'),
(15, 5, 'admin'),
(2, 5, 'volunteer'),
(3, 5, 'volunteer'),
(16, 5, 'volunteer'),
(6, 6, 'admin'),
(17, 6, 'volunteer'),
(18, 6, 'volunteer'),
(19, 6, 'volunteer'),
(7, 7, 'admin'),
(20, 7, 'volunteer'),
(21, 7, 'volunteer'),
(22, 7, 'volunteer'),
(8, 8, 'admin'),
(23, 8, 'volunteer'),
(24, 8, 'volunteer'),
(25, 8, 'volunteer'),
(9, 9, 'admin'),
(26, 9, 'volunteer'),
(27, 9, 'volunteer'),
(10, 10, 'admin'),
(28, 10, 'volunteer'),
(11, 10, 'volunteer'),
(12, 11, 'admin'),
(29, 11, 'volunteer'),
(30, 11, 'volunteer'),
(13, 12, 'admin'),
(14, 12, 'volunteer'),
(15, 13, 'admin'),
(16, 13, 'volunteer'),
(17, 14, 'admin'),
(18, 14, 'volunteer'),
(19, 15, 'admin'),
(20, 15, 'volunteer'),
(21, 16, 'admin'),
(22, 16, 'volunteer'),
(23, 17, 'admin'),
(24, 17, 'volunteer'),
(25, 18, 'admin'),
(26, 18, 'volunteer'),
(27, 19, 'admin'),
(28, 19, 'volunteer'),
(29, 20, 'admin'),
(30, 20, 'volunteer'),
(1, 21, 'admin'),
(2, 21, 'volunteer'),
(3, 22, 'admin'),
(4, 22, 'volunteer'),
(5, 23, 'admin'),
(6, 23, 'volunteer'),
(7, 24, 'admin'),
(8, 24, 'volunteer'),
(9, 25, 'admin'),
(10, 25, 'volunteer'),
(11, 26, 'admin'),
(12, 26, 'volunteer'),
(13, 27, 'admin'),
(14, 27, 'volunteer'),
(15, 28, 'admin'),
(16, 28, 'volunteer'),
(17, 29, 'admin'),
(18, 29, 'volunteer'),
(19, 30, 'admin'),
(20, 30, 'volunteer');

-- Insert into sign_up
INSERT INTO sign_up (person_id, event_id, [timestamp]) VALUES
(1, 1, '2023-09-10 08:00:00'),
(1, 2, '2023-09-11 09:00:00'),
(1, 3, '2023-09-12 10:00:00'),
(2, 1, '2023-09-10 08:30:00'),
(2, 2, '2023-09-11 09:30:00'),
(2, 4, '2023-09-14 10:30:00'),
(3, 1, '2023-09-10 08:15:00'),
(3, 3, '2023-09-12 10:15:00'),
(3, 5, '2023-09-15 11:15:00'),
(4, 2, '2023-09-11 09:45:00'),
(4, 3, '2023-09-12 10:45:00'),
(4, 4, '2023-09-14 11:45:00'),
(5, 1, '2023-09-10 08:45:00'),
(5, 2, '2023-09-11 09:15:00'),
(5, 5, '2023-09-15 11:00:00'),
(6, 2, '2023-09-11 09:00:00'),
(6, 4, '2023-09-14 10:00:00'),
(7, 5, '2023-09-15 12:00:00'),
(7, 6, '2024-10-15 08:00:00'),
(8, 6, '2024-10-15 08:30:00'),
(8, 7, '2024-10-15 09:00:00'),
(9, 7, '2024-10-15 09:30:00'),
(10, 8, '2024-10-14 10:00:00'),
(11, 8, '2024-10-14 10:15:00'),
(11, 9, '2024-10-13 11:00:00'),
(12, 9, '2024-10-13 11:15:00'),
(13, 10, '2024-10-15 08:00:00'),
(14, 10, '2024-10-15 08:15:00'),
(15, 10, '2024-10-15 09:00:00'),
(16, 1, '2023-09-10 08:30:00'),
(17, 2, '2023-09-11 09:00:00'),
(18, 3, '2023-09-12 10:00:00'),
(19, 4, '2023-09-14 10:30:00'),
(20, 5, '2023-09-15 11:00:00'),
(21, 6, '2024-10-15 08:00:00'),
(22, 7, '2024-10-15 09:30:00'),
(23, 8, '2024-10-14 10:00:00'),
(24, 9, '2024-10-13 11:00:00'),
(25, 10, '2024-10-15 08:00:00'),
(26, 10, '2024-10-15 08:15:00'),
(27, 10, '2024-10-15 09:00:00'),
(28, 1, '2023-09-10 08:00:00'),
(29, 2, '2023-09-11 09:00:00'),
(30, 3, '2023-09-12 10:00:00');

-- Insert into sign_in
INSERT INTO sign_in (person_id, event_id, [timestamp]) VALUES
(1, 1, '2023-09-15 08:00:00'),
(1, 2, '2023-09-15 09:00:00'),
(1, 3, '2023-09-15 10:00:00'),
(2, 1, '2023-09-15 08:30:00'),
(2, 2, '2023-09-15 09:30:00'),
(2, 4, '2023-09-15 10:30:00'),
(3, 1, '2023-09-15 08:15:00'),
(3, 3, '2023-09-15 10:15:00'),
(3, 5, '2023-09-15 11:15:00'),
(4, 2, '2023-09-15 09:45:00'),
(4, 3, '2023-09-15 10:45:00'),
(4, 4, '2023-09-15 11:45:00'),
(5, 1, '2023-09-15 08:45:00'),
(5, 2, '2023-09-15 09:15:00'),
(5, 5, '2023-09-15 11:00:00'),
(6, 2, '2023-09-15 09:00:00'),
(6, 4, '2023-09-15 10:00:00'),
(7, 5, '2023-09-15 12:00:00'),
(7, 6, '2024-10-15 08:00:00'),
(8, 6, '2024-10-15 08:30:00'),
(8, 7, '2024-10-15 09:00:00'),
(9, 7, '2024-10-15 09:30:00'),
(10, 8, '2024-10-14 10:00:00'),
(11, 8, '2024-10-14 10:15:00'),
(11, 9, '2024-10-13 11:00:00'),
(12, 9, '2024-10-13 11:15:00'),
(13, 10, '2024-10-15 08:00:00'),
(14, 10, '2024-10-15 08:15:00'),
(15, 10, '2024-10-15 09:00:00'),
(16, 1, '2023-09-15 08:30:00'),
(17, 2, '2023-09-15 09:00:00'),
(18, 3, '2023-09-15 10:00:00'),
(19, 4, '2023-09-15 10:30:00'),
(20, 5, '2023-09-15 11:00:00'),
(21, 6, '2024-10-15 08:00:00'),
(22, 7, '2024-10-15 09:30:00'),
(23, 8, '2024-10-14 10:00:00'),
(24, 9, '2024-10-13 11:00:00'),
(25, 10, '2024-10-15 08:00:00'),
(26, 10, '2024-10-15 08:15:00'),
(27, 10, '2024-10-15 09:00:00'),
(28, 1, '2023-09-15 08:00:00'),
(29, 2, '2023-09-15 09:00:00'),
(30, 3, '2023-09-15 10:00:00');

-- Insert into review
INSERT INTO review (person_id, event_id, [timestamp], title, rating, content) VALUES
(1, 1, '2023-09-15 10:00:00', 'Great Event', 5, 'I had an amazing experience!'),
(2, 1, '2023-09-15 10:30:00', 'Not Bad', 3, 'It was okay, but could be better.'),
(3, 2, '2023-09-15 11:00:00', 'Loved it!', 5, 'Absolutely fantastic!'),
(4, 2, '2023-09-15 11:30:00', 'Okay', 4, 'Pretty good overall!'),
(5, 3, '2023-09-15 12:00:00', 'Could be Improved', 2, 'There were some issues.'),
(6, 3, '2023-09-15 12:30:00', 'Excellent!', 5, 'One of the best events I attended.'),
(7, 4, '2023-09-15 13:00:00', 'Informative', 4, 'Learned a lot from this event.'),
(8, 4, '2023-09-15 13:30:00', 'Disappointed', 2, 'Expected more from the speakers.'),
(9, 5, '2023-09-15 14:00:00', 'Fun Event', 5, 'Had a blast!'),
(10, 5, '2023-09-15 14:30:00', 'Meh', 3, 'It was just average.'),
(11, 6, '2024-10-15 09:00:00', 'Fantastic!', 5, 'Would attend again!'),
(12, 6, '2024-10-15 09:30:00', 'Good Job', 4, 'Well organized event.'),
(13, 7, '2024-10-15 10:00:00', 'Inspiring', 5, 'Motivated me to get involved.'),
(14, 7, '2024-10-15 10:30:00', 'Interesting', 4, 'Had some really good points.'),
(15, 8, '2024-10-14 10:00:00', 'Okay', 3, 'Could use some more engagement.'),
(16, 8, '2024-10-14 10:30:00', 'Great!', 5, 'I really enjoyed it.'),
(17, 9, '2024-10-13 11:00:00', 'Boring', 1, 'Did not keep my attention.'),
(18, 9, '2024-10-13 11:30:00', 'Decent', 3, 'It was decent, nothing special.'),
(19, 10, '2024-10-15 08:00:00', 'Amazing!', 5, 'Exceeded my expectations!'),
(20, 10, '2024-10-15 08:30:00', 'Very Good', 4, 'I would recommend it.'),
(21, 1, '2023-09-15 10:15:00', 'Fun Experience', 4, 'Enjoyed the activities.'),
(22, 2, '2023-09-15 10:45:00', 'Well Done', 5, 'Great planning and execution.'),
(23, 3, '2023-09-15 11:15:00', 'Not my favorite', 2, 'Some parts were dull.'),
(24, 4, '2023-09-15 12:15:00', 'Great Insights', 5, 'Learned a lot of new things.'),
(25, 5, '2023-09-15 13:15:00', 'Very Enjoyable', 4, 'A lot of fun!'),
(26, 6, '2024-10-15 09:15:00', 'Exceptional', 5, 'Top-notch organization!'),
(27, 7, '2024-10-15 09:45:00', 'Solid Event', 4, 'Well worth my time.'),
(28, 8, '2024-10-14 10:15:00', 'Fine', 3, 'It was just fine.'),
(29, 9, '2024-10-13 11:15:00', 'Would not Recommend', 2, 'Not worth attending.'),
(30, 10, '2024-10-15 08:45:00', 'Excellent!', 5, 'Fantastic experience all around!');

-- Insert into tag
INSERT INTO tag (tag_id, name) VALUES
(1, 'Education'),
(2, 'Health'),
(3, 'Environment'),
(4, 'Community Service'),
(5, 'Youth Programs'),
(6, 'Animal Welfare'),
(7, 'Arts and Culture'),
(8, 'Disaster Relief'),
(9, 'Mental Health'),
(10, 'Fundraising'),
(11, 'Advocacy'),
(12, 'Sports'),
(13, 'Food Security'),
(14, 'Sustainability'),
(15, 'Civic Engagement'),
(16, 'Diversity'),
(17, 'Technology'),
(18, 'Senior Services'),
(19, 'Veteran Support'),
(20, 'Disability Services'),
(21, 'Crisis Support'),
(22, 'Workshops'),
(23, 'Volunteer Opportunities'),
(24, 'Family Services'),
(25, 'Public Health'),
(26, 'Cultural Events'),
(27, 'Outdoor Activities'),
(28, 'Local Business Support'),
(29, 'Social Justice'),
(30, 'Youth Leadership');

-- Insert into event_tag
INSERT INTO event_tag (event_id, tag_id) VALUES
(1, 1),
(1, 2),
(2, 2),
(2, 3),
(3, 1),
(3, 5),
(4, 4),
(4, 5),
(5, 6),
(5, 7),
(6, 8),
(6, 9),
(7, 3),
(7, 2),
(8, 10),
(8, 1),
(9, 11),
(9, 6),
(10, 12),
(10, 7),
(11, 13),
(11, 14),
(12, 15),
(12, 16),
(13, 8),
(13, 17),
(14, 18),
(14, 19),
(15, 20),
(15, 21),
(16, 22),
(16, 5),
(17, 23),
(17, 4),
(18, 24),
(18, 25),
(19, 26),
(19, 27),
(20, 28),
(20, 29),
(21, 30),
(21, 1),
(22, 2),
(22, 3),
(23, 4),
(23, 5),
(24, 6),
(24, 7),
(25, 8),
(25, 9),
(26, 10),
(26, 11),
(27, 12),
(27, 13),
(28, 14),
(28, 15),
(29, 16),
(29, 17),
(30, 18);

-- Insert into organization_tag
INSERT INTO organization_tag (org_id, tag_id) VALUES
(1, 1),
(1, 2),
(2, 2),
(2, 3),
(3, 1),
(3, 5),
(4, 4),
(4, 5),
(5, 6),
(5, 7),
(6, 8),
(6, 9),
(7, 3),
(7, 2),
(8, 10),
(8, 1),
(9, 11),
(9, 6),
(10, 12),
(10, 7),
(11, 13),
(11, 14),
(12, 15),
(12, 16),
(13, 8),
(13, 17),
(14, 18),
(14, 19),
(15, 20),
(15, 21),
(16, 22),
(16, 5),
(17, 23),
(17, 4),
(18, 24),
(18, 25),
(19, 26),
(19, 27),
(20, 28),
(20, 29),
(21, 30),
(21, 1),
(22, 2),
(22, 3),
(23, 4),
(23, 5),
(24, 6),
(24, 7),
(25, 8),
(25, 9),
(26, 10),
(26, 11),
(27, 12),
(27, 13),
(28, 14),
(28, 15),
(29, 16),
(29, 17),
(30, 18);

-- Insert into organization_location
INSERT INTO organization_location (org_id, [location]) VALUES
(1, '123 Main St, City A'),
(1, '456 Second St, City B'),
(2, '456 Elm St, City B'),
(3, '789 Pine St, City C'),
(4, '101 Maple St, City D'),
(5, '202 Oak St, City E'),
(6, '303 Birch St, City F'),
(7, '404 Cedar St, City G'),
(8, '505 Willow St, City H'),
(9, '606 Spruce St, City I'),
(10, '707 Ash St, City J'),
(11, '808 Palm St, City K'),
(12, '909 Cherry St, City L'),
(13, '1000 Walnut St, City M'),
(14, '1111 Locust St, City N'),
(15, '1212 Cypress St, City O'),
(16, '1313 Redwood St, City P'),
(17, '1414 Fir St, City Q'),
(18, '1515 Larch St, City R'),
(19, '1616 Yew St, City S'),
(20, '1717 Sequoia St, City T'),
(21, '1818 Dogwood St, City U'),
(22, '1919 Poplar St, City V'),
(23, '2020 Magnolia St, City W'),
(24, '2121 Olive St, City X'),
(25, '2222 Peach St, City Y'),
(26, '2323 Pear St, City Z'),
(27, '2424 Fig St, City AA'),
(28, '2525 Nutmeg St, City AB'),
(29, '2626 Jasmine St, City AC'),
(30, '2727 Gardenia St, City AD');


SELECT * FROM review